processes,threads,total_time,avg_time_per_image,cpu_percent,speedup,efficiency
1,1,0.8048566999996183,0.08163092000013421,58.3,1.0,1.0
1,4,0.6030833999993774,0.10467730000018491,12.5,1.3345694807723927,0.33364237019309817
2,4,0.6043663999998898,0.10694597999990947,8.3,1.33173634404521,0.16646704300565124
4,4,0.6035637999993924,0.10597631999989972,25.0,1.3335072448023366,0.08334420280014604
8,8,0.607942899999216,0.12941417999973054,20.0,1.3239018006471597,0.02068596563511187
